price,name
AED 158,PRETTYGARDEN Women's Fashion Long Sleeve Lapel Zip Up Faux Shearling Shaggy ...
AED 757,Dr. Martens Women's Kendra Fashion Boot
AED 119,Sportrendy Men's Slim Fit Long Sleeves Casual Button Down Dress Shirts JZS041
AED 236,CDE Necklace Earrings Set for Women Valentine Jewelry Gifts 18K Rose Gold Plated ...
AED 358,Invicta Men's Pro Diver Quartz Watch with Stainless Steel Strap
AED 80 - AED 110,FEISEDY Classic Polarized Women Sunglasses Sparkling Composite Frame B2289
,
AED 75,Just Add A Kid 135 Fisherman Baby Oversize Bib 0-18 Months White
AED 97,925 Silver Plated Natural Moonstone Lapis Turquoise Labradorite Ring 8x10mm Oval ...
AED 84,Travelambo Womens Walllet RFID Blocking Bifold Multi Card Case Wallet with Zipper ...
AED 75,"BRC Fashion Womens Highly Fashionable Leather Look Warm Winter Fingeress Gloves, ..."
AED 114,HongyuAmy Women African Belt Kente Print Belt
AED 384 - AED 748,Calvin Klein Sonoma Reversible Novelty North/South Tote
,
AED 71,Kids Boys Girls Winter Warm Knit Beanie Hat Cap and Scarf Set with Fleece Lining
AED 71,Rgslon Boys Girls Winter Warm Windproof Balaclava Hat Ski Riding Face Mask Fleece ...
AED 106,Dickies Men's Leather Work Belt - Tactical Industrial Strength Heavy Duty Strap ...
AED 96,Dickies Men's Bifold Chain Wallet-High Security with ID Window and Credit Card ...
AED 193,Resfeber Women's Ripped Boyfriend Jeans Cute Distressed Jeans Stretch Skinny Jeans ...
AED 323,G-Shock G-Rescue Series Red Dial Men's Watch G-7900A
AED 188,Calvin Klein Women's Large Plaid Scarf
AED 171,Goorin Bros. Men's Animal Farm Snap Back Trucker Hat
AED 93,MadSportsStuff Softball Bomber Over The Calf Socks (Multiple Colors)
AED 175,Men Vintage PU Leather CrossBody Sling Bag Large Capacity Casual Backpack USB Charge
AED 102 - AED 214,Alpine Swiss Delaney Slimfold Wallet RFID Safe For Men
,
AED 127,LAINAB Women's Short Sleeve Loose Wide Legs Casual Jumpsuits with Pockets
AED 69,Missha M Perfect Cover BB Cream #21 SPF 42 PA+++(50ml) (LINE FRIENDS ...
AED 149,Electric Razor for Women with LED Light
AED 84,"Vitamin C Serum Plus 2% Retinol, 3.5% Niacinamide, 5% Hyaluronic Acid, 2% Salicylic ..."
AED 127,Tea Tree Shampoo and Conditioner 16 fl oz each - Special Combo for Itchy Dry Scalp ...
AED 149,"SugarBearHair Vitamins, Vegetarian Gummy Hair Vitamins with Biotin, Vitamin D, ..."
AED 201 - AED 220,Nexxus Color Assure Shampoo and Conditioner For Color Treated Hair ProteinFusion ...
,
AED 149,"jane iredale PurePressed Eye Shadow Triple, 0.10 oz."
AED 92 - AED 100,Zeitun Wellness Natural Body Lotion For Women With Gold Body Glitter | Ritual Of ...
,
AED 119,"Eve Hansen Hyaluronic Acid Serum (2 oz) - Ultimate Hydrating Serum, Face ..."
AED 93,Ceenwes Nose Hair Trimmer Professional Mute Painless Trimming Nose Ear Hair Trimmer ...
AED 279,"Estee Lauder Advanced Night Repair Eye Cream Synchronized Complex II, 0.5 Ounce"
AED 193,Hourglass Ambient Lighting Blush in Diffused Heat. Vibrant Powder Highlighting ...
AED 236 - AED 279,"Hair Straightener Brush - Straightening Comb with Anti-Scald, 30s Fast Ceramic ..."
,
AED 119,"Bath Bombs Gift Set, 100% Handmade Pure Essential Oil Bath Bombs, 16 4OZ Large & ..."
AED 232,Clarisonic Exfoliating Skincare Set
AED 101,Kenneth Cole Black Eau De Toilette Spray
AED 104,ORIBE Supershine Moisturizing Cream
AED 215,ZOYA Nail Polish
AED 105,"Finishing Touch Flawless Contour Vibrating Facial Roller & Massager, Rose Quartz"
AED 75 - AED 127,"Derma Roller Microneedling Kit for Face, Beard, and Hair Growth 0.25mm, Microneedle ..."
,
AED 91,NYX PROFESSIONAL MAKEUP Honey Dew Me Up Primer Face Makeup
AED 88 - AED 192,"5 Colors Matte Lipstick Set, Long Lasting Velvet Lips Tint Liquid Lipstick ..."
,
AED 42 - AED 49,"NYX PROFESSIONAL MAKEUP Liquid Suede Cream Lipstick, Cherry Skies"
,
AED 219,Pat McGrath Labs MatteTrance Lipstick Elson Mini
AED 177,SHANY All In One Harmony Makeup Kit - Ultimate Color Combination - New Edition
AED 71,"SWAN STAR Body Scrub Himalayan Salt With Lychee Essential Oil, Natural Organic Body ..."
AED 436,Juicy Couture Viva La Juicy Perfume for Women
AED 149,"Professional Ionic Salon Hair Dryer, Powerful 1875W Ceramic Tourmaline Blow Dryer, ..."
AED 236,Jack Black Turbo Wash Energizing Cleanser for Hair & Body
AED 332,"WEN Fig Re-Moist Hydrating Mask, 4 oz."
AED 59,"Tambourine 10"" Dove Bible Double Row Jingle Percussion Instrument for Church by ..."
AED 583,"RockJam 61-Key Electronic Keyboard Piano SuperKit with Stand, Stool, Headphones & ..."
AED 931 - AED 1144,Yamaha MG10XU 10-Input Stereo Mixer With Effects
,
AED 197 - AED 279,"Blue Snowball iCE USB Mic for Recording and Streaming on PC and Mac, Cardioid ..."
,
AED 271,YISSVIC Electronic Drum Set Electric Drum Set Roll Up Drum Pad Foldable Portable ...
AED 166,"BONAOK Wireless Bluetooth Karaoke Microphone with Controllable LED Lights, Portable ..."
AED 62,"BSIRI Large 6"" Wood Frog Guiro Rasp - Musical Instrument Tone Block, Brown, inch ..."
AED 866,Kaizer Plastic Trombone Bb B Flat 1000 Series Red with Soft Travel Bag & Mouthpiece ...
AED 197,Tenozek 4/4 Natural Acoustic Violin & Case & Bow & Rosin for Violin(Natural)
AED 106,PUNK 1:12 Scale Miniature Instrument Music Case Stand Miniature Musical Instrument ...
AED 127,Eastar ERS-31BM Baroque Maple Wood Soprano Recorder Set C Key 3 Piece Instrument ...
AED 71,ARTHOMES Harmonica Major Key of C Blues Harmonica 10 Holes 20 Tones Standard ...
AED 236,Makala Surf Green Shark Soprano Ukulele by Kala (MK-SS/GRN)
AED 75,Uniwit Mini Portable Vocal/Instrument Microphone For Mobile phone laptop Notebook ...
AED 323,Eastar EVA-2 4/4 Violin Set Full Size Fiddle for Kids Beginners Students with Hard ...
AED 181 - AED 258,Fender Mini Deluxe Electric Guitar Amp
,
AED 140,Donner Morpher Distortion Pedal Solo Effect Guitar Pedal True Bypass
AED 67,"Pocket Guitar Practice Neck, Upgraded Version 6 Fret Portable Guitar Chord Practice ..."
AED 61,YMC TAM20-BLACK Double Row Tambourine - Metal Jingles Hand Held Percussion ...
AED 86,Alomejor Thumb Piano Kalimba 7 Keys Thumb Piano Coconut Shell Thumb Finger Piano ...
AED 540,"AmazonBasics Beginner Acoustic Guitar with Strings, Picks, Tuner, Strap, and Case - ..."
AED 236,Makala Soprano Mahogany Ukulele by Kala (MK-S)
AED 714,Mendini by Cecilio 16 inch 5-Piece Complete Kids / Junior Drum Set with Adjustable ...
AED 132,Kalimba 17 Keys Thumb Piano Instrument Beginner Portable Finger Mbira with Study ...
AED 171 - AED 184,"Otamatone [Special Color Edition] ""Unicorn"" [English Manual] Japanese Electronic ..."
,
AED 149,"""Forest Whisper"" 12 Hole Ocarina Classic Straw fire Masterpiece Collectible,Alto C ..."
AED 62,"BSIRI Large 6"" Wood Frog Guiro Rasp - Musical Instrument Tone Block, Brown, inch ..."
AED 64,"Swingline Stapler, High Heel Stapler, Fun Desk Accessories, Novelty Desk ..."
AED 175 - AED 204,"Swingline Electric 3 Hole Punch, Desktop Hole Puncher, Portable, 15 Sheet Punch ..."
,
AED 150 - AED 271,"Safco Products Onyx Mesh 5-Tray Underdesk Hanging Organizer 3240BL, Black Powder ..."
,
AED 709,Aurora FC-103RT Modern Soho Design 3-Drawer Metal Mobile File Cabinet with Lock ...
AED 57 - AED 75,Office Mousepad with Gel Wrist Support - Ergonomic Gaming Desktop Mouse Pad Wrist ...
,
AED 65 - AED 88,EASTHILL Medium Capacity Pencil Pen Case Bag Pouch Holder Multi-Slot School ...
,
AED 149,ComfiLife Gel Enhanced Seat Cushion - Non-Slip Orthopedic Gel & Memory Foam Coccyx ...
AED 388 - AED 410,"OFM Essentials Collection Racing Style Bonded Leather Gaming Chair, in Blue ..."
,
AED 354,"EL CASCO M15CT""Shiny Chrome"" Desk Stapler"
AED 279 - AED 366,"DYMO Industrial Label Maker | Rhino 4200 Label Maker, Time-saving Hot Keys, Prints ..."
,
AED 323,Gaiam Classic Balance Ball Chair – Exercise Stability Yoga Ball Premium ...
AED 822,"Outdoor Enclosed Advertising Menu Display with Cork Board on Curved Floor Post, ..."
AED 123,"Ambertronix LED Desk Table Lamp, Soft Touch Control Panel, 5 Level Brightness, 4 ..."
AED 1337,Safescan 2250 - Bill counter for sorted bills with 3-point counterfeit detection - ...
AED 175,"HUANUO Footrest Under Desk - Adjustable Foot Rest with Massage Texture and Roller, ..."
AED 206,AstroAI Mini Fridge 4 Liter/6 Can Portable AC/DC Powered Thermoelectric System ...
AED 861 - AED 1317,DYMO 1752267 LabelWriter 450 Duo Thermal Label Printer
,
AED 453 - AED 670,"Kodak Dock & Wi-Fi Portable 4x6” Instant Photo Printer, Premium Quality Full ..."
,
AED 88,"Keyboard Vacuum Cleaner, Hurinan USB Mini Vacuum Computer Cleaners,Portables Hand ..."
AED 87 - AED 106,1 X Otto The Otter Tape Dispenser by Streamline
,
AED 583 - AED 887,"Mini Projector, VIVIBRIGHT f10 Portable Projector, Full HD 1080P Supported Video ..."
,
AED 666,"Unique Art Since 1996 14"" Black Onyx Gemstone Globe with Silver Stand"
AED 219,Jinhao Dragon Phoenix Fountain Pen Fine Writing Luxury Case Set Vintage Collection ...
AED 540,VIVO Black Height Adjustable 32 inch Standing Desk Converter | Sit Stand Dual ...
AED 345,Canon MX532 Wireless Office All-In-One Printer
AED 62,"YCOCO Desk Organizer for Office, All in One Desktop Organizer with Note Paper ..."
AED 143,Artori Design Metal Memo Notes Holder For Desk - Office Decor - Dog Shaped Office ...
AED 779 - AED 1317,Canon imageFORMULA P-215II Mobile Document Scanner
,
AED 193 - AED 236,Savic Bird Cage Bath for Large Birds
,
AED 132,Kaytee Laying Hen Diet
AED 601,Exo Terra Rainforest Habitat Kit (includes PT2602) - Small
AED 236,Evergreen Pet Supplies Reptile Humidifier/Fogger - Large Tank - Ideal for a Variety ...
AED 388 - AED 453,"Automatic Cat Feeder, Roffie Dog Food Dispenser for Small Pets with Distribution ..."
,
AED 79,"SunGrow Portable Grass Bed, Handmade with Grass, Lightweight, Durable, Comfortable ..."
AED 258 - AED 366,PETYELLA Cat Houses for Outdoor Cats - Heated Cat Bed - Heated Cat House - Outdoor ...
,
AED 97,"Pet Nutrition - Hemp Oil Dogs Cats - 40 000 MG - Anxiety, Pain, Stress, Arthritis, ..."
AED 75,Hertzko Bristle Brush for Dogs and Cats with Long or Short Hair - Dense Bristles ...
AED 746,Weatherbeeta ComFiTec Plus Dynamic DAN Lite
AED 366,"TEKEMP Sheep Shears Alpaca Shear,Goat Shears for Grooming 6 Speeds Portable ..."
AED 279,Elevate Se for HORSES (2 lbs)
AED 84,Highwave AutoDogMug
AED 219,"YUEJING Cat Carrier Backpack, Pet Carrier Backpack for Large Cat and Dog, Space ..."
AED 92 - AED 132,PetSafe Healthy Pet Water Station Dog and Cat Water System with Stainless Steel Bowl
,
AED 69,"Feliway Classic 30 Day Diffuser Refill, 48 ml (Pack of 1)"
AED 279,Nova Microdermabrasion 53 Inches Multi-Level Cat Tree Stand House Furniture Kittens ...
AED 127,"Kimoe 5LB 100% Natural Non-GMO dried mealworms-High-Protein for Birds, ..."
AED 75,Winter Warm Bird Nest House Shed Hut Hanging Hammock Finch Cage Plush Fluffy Birds ...
AED 227 - AED 246,Purina Pro Plan Dry Puppy Food
,
AED 80,"Mewajump Durable Dog Chew Toys for Aggressive Chewers, Natural Rubber Dog Toy Bone ..."
AED 206,"ICEFANG Tactical Dog Harness,K9 Working Dog Vest,No Pulling Front Clip Leash ..."
AED 153,"DogRook Bark Collar - Humane, No Shock Training Collar - Vibration & Sound Care ..."
AED 162,"PUPPBUDD Pet Dog Bed for Medium Dogs(XXL-Large for Large Dogs),Dog Bed with Machine ..."
AED 58,"Petrodex Enzymatic Toothpaste for Dogs, Helps Reduce Tartar and Plaque Buildup, ..."
AED 214,K&H Pet Products Thermo-Kitty Heated Pet Bed
AED 279 - AED 375,MarineLand Contour Glass Aquarium Kit with Rail Light
,
AED 162,Aqua Clear - Fish Tank Filter
AED 232,LEGO Brick Backpack-Blue
AED 232,"Unigear Tactical Backpacks 900D with MOLLE System, 40L Military Assault Backpacks ..."
AED 258 - AED 323,American Tourister Disney Kids Hardside Upright Luggage
,
AED 84,Under Armour Ozsee Sackpack
AED 682,"McKlein, W Series, Willowbrook, Top Grain Cowhide Leather, 15"" Leather Patented ..."
AED 127,adidas Unisex Diablo Small Duffel Bag
AED 236 - AED 453,"Laptop Bag for Women,15.6 Inch Women Business Briefcase Computer Tote Bag ..."
,
AED 220 - AED 271,JanSport Big Student Backpack - 15-Inch Laptop School Pack
,
AED 132,Mens Vintage Canvas Shoulder Messenger Bag Chest Leather Patchwork Messenger Bag
AED 216,Chala Handbag Everyday Tote
AED 193,Cyber Sale Monday Deals Sales Steampunk Waist Bag Fanny Pack Fashion Gothic Leather ...
AED 469,adidas Santiago Duffel Bag
AED 132,Gym Travel Bag with Shoe Compartment Dance Bag Duffle Tote Shoulder Bag for Men and ...
AED 670,Murtisol Travel 4 Pieces Expandable ABS Luggage Sets TSA Lightweight Durable ...
AED 392,"Emliviar 4-Light Lantern Chandelier, Farmhouse Dining Room Pendant Lighting, Black ..."
AED 149,Champion Men's Attribute Waistbag
AED 383 - AED 453,"Carhartt Legacy Brief Deluxe, Carhartt Brown"
,
AED 110 - AED 127,"Caboodles On-The-Go Girl Barbie Classic Case, Make-Up & Accessory Case, Iconic Pink"
,
AED 708 - AED 1018,"London Fog Kensington II 44"" Wheeled Garment Bag"
,
AED 175,JEEP BULUO Daypack Shoulder Bag For Men New Fashion Leather Handbag(Brown)
AED 106 - AED 114,"Skip Hop Toddler Backpack, 12"" Butterfly School Bag, Multi"
,
AED 180,"Laptop Bag, Women Tote Bag,15 15.6 Inch Work Bag Briefcase with Comfortable ..."
AED 366,Under Armour Undeniable Duffle 3.0 Gym Bag
AED 297,DHK 18 Inch Vintage Handmade Leather Messenger Bag Laptop Briefcase Computer ...
AED 1013,Samsonite Omni Expandable Hardside Luggage with Spinner Wheels
AED 1317,"Genuine Leather Duffle Bag, Large Expandable（Double Capacity）Carry On ..."
AED 106,Gym Bag for Women and Men Sports Swim Travel Duffle Bag Weekender Bag with Shoes ...
AED 140,Fila Women's Ombre Fanny Pack
AED 119,"Leyden TM Luxury Art Engraved Wall Mount Bathroom Soap Dish Soap Holder, Antique ..."
AED 388,Suncast Portable Outdoor Garden Cart - Durable Resin Gardening Center on Wheels - ...
AED 670,"Emliviar Modern Wall Sconces 2 Pack, LED Outdoor Indoor Wall Fixture in Black ..."
AED 1973,SORARA Carport 10 x 20 ft Heavy Duty Canopy Garage Car Shelter with Windows and ...
AED 119 - AED 236,"Wood Garden Hand Tools, 4-Piece Set, Stainless Steel - Heavy-Duty Gardening Tool ..."
,
AED 348,AUSWIND Antique Brass Bathroom Accessories Set Wall Mounted 4-Piece (Toilet Paper ...
AED 162,FUNTECK Universal Spray Guide Accessory Tool for Wagner Titan Airless Paint Sprayer ...
AED 279,Happygrill Wood Wagon Flower Planter Pot Stand with Wheels for Garden Patio Backyard
AED 370,"Benjara Benzara BM189440 Round Ceramic Planter On Wooden Stand, Small, Pink,"
AED 95,"Fluidmaster 400AKRP10 Universal, All In One, Complete Toilet Tank Repair Kit For ..."
AED 54,HoseCoil Two Way Shutoff Valve Garden Hose Splitter
AED 366,Amagabeli 2 Pack Large Garden Trellis for Climbing Plants 71” x 21” ...
AED 250 - AED 279,"Gardman R700 EMW7486467, 5 tier"
,
AED 178,"Outdoor Exterior Wall Light Fixtures, Rustic Gloden Bronze Wall Lighting with ..."
AED 1104,"Jenlis Muck Razer - Aquatic Weed & Root Eliminator for Beaches, Ponds & Lakes"
AED 214,Under Armour Womens Undeniable Duffle Gym Bag
AED 67,"TSA Approved 3 Digit Luggage Cable Locks, Small Combination Padlock Ideal for Travel"
AED 258,BRISA VW Collection VW T1 Bus/Beetle Shoulder Bag Landscape
AED 220,"XIAOF-FEN Gardening Watering Long Rod Nozzle, Multi-Function Telescopic Spray Gun ..."
AED 77,SABRE RED Pepper Spray & Personal Safety Kit – Maximum Police Strength ...
AED 774 - AED 887,"Enbrighten 37790, Black, Vintage Seasons LED Warm White & Color Changing ..."
,
AED 88,Disecu Key Lock Box Wall Mounted Waterproof Combination Key Safe Box Storage Lock ...
AED 162,Twinkle Star 6 Pack LED Road Flares Flashing Warning Lights Roadside Safety ...
AED 670 - AED 757,Buyers Products ATVS100 ATV All-Purpose Broadcast Spreader 100 lbs. Capacity with ...
,
AED 93 - AED 123,"WOHOME Safe Personal Alarm, Safesound Personal Alarm with LED Light Emergency ..."
,
AED 67,"BV 5 Digit Combination Alloy Padlock - Safety Lock for Toolbox, Closet & Gym Locker ..."
AED 453,Rivet Mid-Century Modern Starburst Wall Sconce Lamp With 2 Light Bulbs - 8.25 x 5 x ...
AED 100,"Bucket Boss The Bucketeer Bucket Tool Organizer in Brown, 10030"
AED 149,Riemex Expandable Hose Green 50 FT Heavy Duty Garden Water Hose - Triple Latex - ...
AED 47,Funtoyworld Creative Groot Planter Pot Baby Groot Flowerpot Movie Tree Man Pen ...
AED 75,Nautica Voyage By Nautica For Men. Eau De Toilette Spray 3.4 Fl Oz
AED 115,Cool Water By Davidoff For Men. Eau De Toilette Spray 4.2 Fl Oz (Pack of 1)
AED 153,"Jaguar Pace Eau de Toilette Spray for Men, 3.4 Ounce"
AED 50,Colour Me | Green | Eau de Toilette | Fragrance Spray for Men | Oriental Fougere ...
AED 71,Colour Me | Black | Eau de Toilette | Fragrance Spray For Men | Woody Aromatic ...
AED 57,Colour Me | Gold Homme | Eau de Toilette | Fragrance Spray for Men | Oriental ...
AED 188,"RUGGED & DAPPER Cologne for Men, RONAN 3.4 Oz"
AED 167,1879 Cologne - Official Justin Brands Fragrance - Natural and Authentic Perfume ...
AED 188,Tru American Cologne by Tru Fragrance and Beauty - Natural and Authentic Fragrance ...
AED 80 - AED 143,Cool Water by Zino Davidoff | Eau de Deodorante | Fragrance for Women | Ocean ...
,
AED 84,"Beyonce Beyonce Midnight Heat Women Eau De Parfum Spray, 3.4 Ounce"
AED 353,Michel Germain Sexual Paris Tendre Eau de Parfum Spray
AED 186,"Vera Wang Anniversary Eau de Parfum Spray, 3.4 Ounce"
AED 114,Vera Wang Rock Princess By Vera Wang For Women Edt Spray 3.4 Oz
AED 106,"Shakira Perfume For Women Dance by Shakira - Fresh, Floral and Fruity Perfume - 1.7 ..."
AED 99 - AED 106,Shakira Perfume for Women Dream - Fresh and Feminine Perfume - 2.7 FL OZ 80ml Eau ...
,
AED 149,"Perfumes for Women Eau de Parfum, SEXY SECRET Perfume and Fragrance by Jean Marc ..."
AED 83,Dark Oasis Men's Eau De Toilette Spray 3.3 Fl. Oz. - Impression of Guy Laroche ...
AED 76,"Lomani Ab Spirit Millionaire Eau De Toilette Spray for Men, 3.3 Ounce"
AED 258,"Versace Eros Eau de Toilette Spray for Men, 3.4 Fl Oz, 3.4 Fl Oz(Pack of 1)"
AED 88,Touche Verdict Dark Men Eau De Toilette Spray 3.4 fl oz - Impression of Gucci ...
AED 188,Leather Cologne by Tru Fragrance and Beauty - Natural and Authentic Fragrance Spray ...
AED 293 - AED 431,Organza By Givenchy For Women. Eau De Parfum Spray 3.3 Ounces
,
AED 56,"Fila Fragrance Mist for Women, 8.4 Ounce, Mist"
AED 104,AZUL by Jean Rish 3.4 Oz for MEN EDT MADE IN USA
AED 106,1 MILE by Jean Rish 3.4 Oz for MEN EDT MADE IN USA
AED 149,"Perfumes for Women Eau de Parfum, SEXY SECRET Perfume and Fragrance by Jean Marc ..."
AED 106,VTech KidiBeats Drum Set (Frustration Free Packaging)
AED 218 - AED 236,WaterGym Water Aerobics Float Belt for Aqua Jogging and Deep Water Exercise - Size ...
,
AED 54 - AED 80,RNS STAR Paracord Survival Bracelet 6-in-1 - Hiking Gear Traveling Camping Gear Kit ...
,
AED 136,Little Tikes 2 -in- 1 Snug 'n Secure Grow With Me Swing - Blue
AED 192,WolVol Educational Kids Toddler Baby Toy Musical Activity Cube Play Center with ...
AED 171,UGG Kids' Bixbee Ankle Boot
AED 62 - AED 67,"VTech Click and Count Remote, Black"
,
AED 106,Carhartt Boys' Bubba Hat
AED 145 - AED 214,Fisher-Price Infant-to-Toddler Rocker - Geo Diamonds
,
AED 165,"VTech Sit-To-Stand Learning Walker (Frustration Free Packaging), Blue"
AED 540,"Costzon Baby Stroller, 2 in 1 Convertible Carriage Bassinet to Stroller, Pushchair ..."
AED 392 - AED 670,"Graco DuetConnect LX Baby Swing and Bouncer, Manor"
,
AED 53,Franterd Little Girls Boys Hooded Rompers Baby Warm One-Piece Harem Pants Floral ...
AED 974,Simplay3 Young Explorers Adventure Climber - Indoor Outdoor Crawl Climb Drive ...
AED 161,"CleverMade Inflatable Lounger Air Chair: Lightweight Recliner Style AirChair, ..."
AED 349 - AED 453,Manhattan Toy Tree Top Adventure Activity Center
,
AED 192,Radio Flyer Scoot-About
AED 212,Kiddieland Disney Mickey Mouse Plane Light & Sound Activity Ride-On
AED 106,Topwon Inflatable Airplane Baby Kids Toddler Infant Swimming Float Seat Boat Pool ...
AED 121 - AED 127,"Baby Alive, Baby Shark Blonde Hair Doll, with Tail & Hood, Inspired by Hit Song & ..."
,
AED 518,Ingenuity Smart and Simple Packable Portable Playard with Changing Table - Ridgedale
AED 62 - AED 75,MyBaby Soundspa On-the-Go - Portable White Noise Machine
,
AED 79 - AED 84,B. Toys – One Two Squeeze Baby Blocks - Building Blocks for Toddlers – ...
,
AED 88 - AED 193,XHAIZ Pull Back Robot Trucks for Boys Kids Vehicle Toy Friction Powered Monster ...
,
AED 120,"Angelcare Baby Bath Support, Aqua"
AED 65,Hooded Elephant Baby Towel Large Blue 33x33″ | Delicate & Soft 100% ...
AED 49,"Innobaby Bathin Smart Baby Bath Silicone Cradle Cap Brush, Essential for Dry Skin & ..."
AED 93,Baby Toddler Elephant Suction Plate (Grey)
AED 56,"Baby Banana - Sharky Toothbrush, Training Teether Tooth Brush for Infant, Baby, and ..."
AED 82 - AED 93,HABOM Rustic Mason Jar Wall Decor Sconces - Decorative Home Lighted Country House ...
,
AED 497,"Iwell Mid-Century TV Stand with 2 Drawers & 2 Storage Shelf for Living Room, TV ..."
AED 462 - AED 701,Computer Unit with Computer Storage and Casters Honey and Black
,
AED 101,"Comenzar Flickering Candles, Candles Birch Set of 4 5"" 6"" Birch Bark Battery ..."
AED 127,April box–Decorative Hanging Wall Mirror – Small Vintage Mirror for ...
AED 149,Bedsure Sherpa Fleece Blanket Twin Size Navy Blue Plush Blanket Fuzzy Soft Blanket ...
AED 76,"Vickerman 613566-4"" Plum Candy Glitter Net Ball Christmas Tree Ornament (3 pack) ..."
AED 887 - AED 931,GOTOTOP Wooden Treasure Chest Old-Fashioned Antique Vintage Style Storage Box Trunk ...
,
AED 472 - AED 766,Flash Furniture Shaggy Dog Hot Pink Accent Chair
,
AED 1886,Pake Handling Tools - Manual Furniture Mover (Set of 2)- Safe and Easy Lifting ...
AED 2060,Bone Inlay Leaf Pattern Bedside Table with 2 Drawers in Black
AED 307 - AED 431,Atlantic 4 Tier Rotating Cube Espresso
,
AED 1443,JC Home Argus Ultra-Plush Bonded Leather Swiveling Recliner with Mahogany Wood Base ...
AED 84 - AED 127,"HoMedics Silver Springs Indoor Relaxation Fountain, Illuminated Waterfall, ..."
AED 75,QIANSKY Children LED Sneaker - Kids Baby Girls Boys Mixedcolor Luminous Sport ...
AED 116,"Butterfly Wings with Short Boots, Kids Baby Boys Girls Ankle Boot Lace UP Boots ..."
AED 52,CCbeauty Children Barber Cape for Toddler Haircut Umbrella Hair Catcher Styling ...
,
AED 114,MLADEN Retro Vintage Family Photo Frames DIY Ferris Wheel Rotatable Windmill ...
AED 88,"Dawhud Direct Natural Candlescape Set, 3 Decorative Candle Holders, Rocks and Tray"
AED 2103,Christopher Knight Home Isador Mid-Century Design Natural Walnut Finish 5 Piece ...
AED 240,BWE Waterfall Bathroom Faucet Single-Handle One Hole Sink Faucet Deck Monuted Oil ...
AED 735,"Woodbridge Lighting 14023MEB-W1D1CH Canopy Cherry Wood Pendant, Metallic Bronze"
AED 405,Always Summer Glass Sink with Waterfall Faucet; Glass Vessel Sink and Faucet Combo; ...
AED 184 - AED 236,MyGift Rustic Wood & Metal Wire Wall-Mounted Storage Basket Rack with Label Holders
,
AED 266,"IWELL Vanity Stool with Rubberwood Legs, Makeup Bench Dressing Stool, Padded ..."
AED 358,"JIWU 2-Style Folding Desk for Small Space, Home Corner Desks Simple Computer Desk ..."
AED 688 - AED 869,"Basicwise Wall Mount Laptop Office Desk with Shelves, Brown,"
,
AED 621 - AED 1158,"Southern Enterprises Fold Out Convertible Desk 22"" Wide - Wall Hanging Space Saving ..."
,
AED 453,"Sierra Modern Home Classic Speaker Table with Built in Wireless Charging, Walnut"
AED 860,Coaster Home Furnishings End Table with Casters Rustic Brown
AED 479,"Upholstered Chair,Accent Chair with Armrest Single Sofa Duhome Design Stylish and ..."
AED 114,"AUKEY USB C Charger 30W Power Delivery 3.0 Fast Charger with Dynamic Detect, USB C ..."
AED 84,"Yootech Wireless Charger,Qi-Certified 10W Max Fast Wireless Charging Pad Compatible ..."
AED 5664,Samsung Galaxy Note 10+ Plus Star Wars Special Edition Factory Unlocked Cell Phone ...
AED 171,"Mini Cell Phone Pen Style Bluetooth Dialer 0.96"" Tiny Screen Mobile Phone Support ..."
AED 88 - AED 100,2019 Metal Qualcomm Quick Charge 3.0 Car Charger by HUSSELL - 36W/6A Dual USB Ports ...
,
AED 1495 - AED 2755,CAT PHONES CS60SUBUSAUN S60 Rugged Waterproof Smartphone with integrated FLIR camera
,
AED 158,"AGPTEK Kid Smartwatch for Girls, Smart Watch with HD Touch Screen, Rotating Camera, ..."
AED 45,"Orei 2 in 1 USA to India Adapter Plug (Type D) - 2-Pack, Black - Will Not Convert ..."
AED 49,"Kingtop 3.5mm Combo Audio Adapter Cable for PS4,Xbox One S,Tablet,Mobile Phone,PC ..."
AED 54,Multi-Functional Cell Phone Expanding Stand Galaxy Paris Finger Foldable Holder ...
AED 255 - AED 366,"SanDisk 256GB Extreme SDXC UHS-I Card - C10, U3, V30, 4K UHD, SD Card - ..."
,
AED 82,"USB Flash Drive Case, Hard Drive Travel Storage Bag, EVA Waterproof Electronic ..."
AED 1408 - AED 1752,Google - Pixel 3a with 64GB Memory Cell Phone (Unlocked) - Just Black - G020G
,
AED 388 - AED 540,Plantronics Voyager 5200 - Bluetooth Headset
,
AED 1539,NETGEAR Nighthawk M1 Mobile Hotspot 4G LTE Router MR1100 - Up to 1Gbps Download ...
AED 62,"Cell Phone Stand, Lamicall Phone Cradle : Phone Dock, Holder Compatible with ..."
AED 366,PhoneSoap 3 UV Smartphone Sanitizer & Universal Charger | Patented & Clinically ...
AED 73 - AED 106,"Car Phone Holder Dashboard, Cell Car Phone Mount, Durable Dash Cell Phone Holder ..."
,
AED 114,"i-Blason Ares Case for iPhone 11 6.1 inch (2019 Release), Dual Layer Rugged Clear ..."
AED 93,"ATUMTEK Bluetooth Selfie Stick Tripod, 360° Rotation Mini Extendable Selfie ..."
AED 725,"Ulefone Armor X5 Rugged Cell Phones Unlocked (2019), 5.5 inch Screen, Android 9.0, ..."
AED 970 - AED 1300,"Fossil Gen 5 Julianna Stainless Steel Touchscreen Smartwatch with Speaker, Heart ..."
,
AED 193,Skullcandy Fat Stash Power Bank - Black
AED 58,USB Type C Cable Fast Charging Cable Aioneus 6FT 3Pack Charger Cable Nylon Braided ...
AED 219,"Intoval Wireless Charger,Wireless Charging Stand for Apple Watch Series 5 4 3 2 ..."
AED 93,"TOPK USB Magnetic Cable,Micro USB and Type C 3in1, 90 Degree Right Angle,Nylon ..."
AED 345,"Uber Appliance UB-XL1-BLUE Mini Fridge, 9L, Navy Blue"
AED 2624,"Yamaha YHT-5950UBL 4K Ultra HD 5.1-Channel Home Theater System with Wi-Fi, ..."
AED 74 - AED 84,BEBONCOOL RF 2.4GHz Wireless Presenter Remote Presentation USB Control PowerPoint ...
,
AED 160,AmazonBasics Mechanical Feel Gaming Keyboard
AED 1243 - AED 1756,Dyson Ball Multi Floor Upright Vacuum - Corded
,
AED 112 - AED 149,"BLACK+DECKER Corded Drill, 5.2-Amp, 3/8-Inch (DR260C)"
,
AED 1322,Steamfast SF-680 Digital Steam Press with Multiple Fabric Settings and Steam Burst ...
AED 323,COWIN E7 Active Noise Cancelling Bluetooth Headphones with Microphone Deep Bass ...
AED 279 - AED 342,"Cuisinart 5-in-1 Griddler, GR-4N, Silver with Silver/Black Dials"
,
AED 301 - AED 323,Campark Trail Camera-Waterproof 14MP 1080P Game Hunting Scouting Cam with 3 ...
,
AED 162,VR Headset Compatible with iPhone & Android Phone - Universal Virtual Reality ...
AED 236 - AED 279,Nostalgia RCOF120AQ Retro 12-Cup Programmable Coffee Maker – Aqua Blue
,
AED 127 - AED 149,"PICTEK Wireless Bed Shaker Alarm Clock for Heavy Sleepers, Vibrating Alarm Clock ..."
,
AED 1059,Pioneer MVH1400NEX 6.2 inches B07951J34N
AED 323,"PAXCESS Electronic Drum Set, Roll Up Drum Practice Pad Midi Drum Kit with Headphone ..."
AED 106,Nostalgia TCS2AQ Grilled Cheese Easy-Clean Toaster Baskets and Adjustable Toasting ...
AED 175,"BEBONCOOL Mobile Controller for iPhone Android, PUBG Mobile Game Controller with ..."
AED 106,"Electric Can Opener, Restaurant can Opener, Smooth Edge Automatic Electric Can ..."
AED 236,"Bonsenkitchen Vacuum Packing Machine for Foods, Vacuum Sealer with Built-in Cutter ..."
AED 235 - AED 583,HP Sprocket Portable Photo Printer 2nd Edition (Cherry Tomato) & Sprocket Photo ...
,
AED 84,Customized Front Rear Turn Signal Fog Light Matte Black Billet Aluminum Housing ...
AED 80,AmazonBasics Computer Speakers for Desktop or Laptop PC | USB-Powered
AED 169 - AED 366,Linksys WRT54GL Wi-Fi Wireless-G Broadband Router
,
AED 714,"Elite Screens Yard Master 2, 120 inch Outdoor Projector Screen with Stand 16:9, 8K ..."
AED 236 - AED 279,"Victrola Vintage 3-Speed Bluetooth Suitcase Turntable with Speakers, Tie Dye"
,
AED 188 - AED 219,ISHAKO PS4 Controller Wireless Bluetooth Controller Dual Shock Gaming Gamepad with ...
,
AED 140,"BENGOO Stereo Gaming Headset for PS4, PC, Xbox One Controller, Noise Cancelling ..."
AED 145,"Delux Ergonomic Vertical Mouse, Wired Optical Mouse with 3 Adjustable DPI ..."
AED 247,"Conair Turbo Extreme Steam Hand Held Fabric Steamer, Purple-Amazon Exclusive, Plum"
AED 426 - AED 887,"Rowenta DW9280 Digital Display Steam Iron, Stainless Steel Soleplate, 1800-Watt, ..."
,
AED 321 - AED 449,Champion 2000-lb. ATV/UTV Winch Kit
,
AED 101,10 x Super Bright 1141 Interior Light Bulbs BA15S 1156 80 SMD LED 1003 900 Lumens ...
AED 68 - AED 88,K&N Air Filter Cleaner and Degreaser: Power Kleen; 32 Oz Trigger Spray; Restore ...
,
AED 153,Helteko Portable Air Compressor Pump 150PSI 12V - Digital Tire Inflator - Auto Tire ...
AED 965,Holley HOL 241-109 Valve Cover
AED 296 - AED 336,"GSPSCN Portable Digital Car Tire Inflator with Gauge 150Psi Auto Shut-Off, Heavy ..."
,
AED 51,GoDeCho 2 Pack Car Safety Hammer Emergency Escape Tool with Seat Belt Cutter and ...
AED 85 - AED 106,MEGUIAR'S G190200 Quik Scratch Eraser Kit
,
AED 158,"Car Vacuum, HOTOR Corded Car Vacuum Cleaner High Power for Quick Car Cleaning, DC ..."
AED 366,"POTEK Jump Starter Source with 150 PSI Tire Inflator/Air compressor,900 Peak Amps ..."
AED 748,Lippert 285318 3500LB Power Tongue Jack Black
AED 79,"Daystar, Black Jack Handle Isolator, reduce jack handle rattling, KU71071BK, Made ..."
AED 275,Schumacher SC1281 6/12V Fully Automatic Battery Charger and 30/100A Engine Starter ...
AED 2081,Rainier R2200i Super Quiet Portable Power Station Outdoor Inverter Generator - 1800 ...
AED 119 - AED 158,MICTUNING 2Pcs LED Light Pods Unlimited-GO K1 4 Inch 18W Off Road Flood LED Light ...
,
AED 67,AstroAI Digital Tire Pressure Gauge 150 PSI 4 Settings for Car Truck Bicycle with ...
AED 98,"HORUSDY Portable Tire Inflator Pump, Premium Tire Electric Pump 12V DC Air ..."
AED 200,"K&N Engine Air Filter: High Performance, Premium, Washable, Replacement Filter: ..."
AED 127,Seven Sparta Off-Road Base for Hi Lift Jack PP Pad to Alleviate Jack Hoisting ...
AED 71,DEWHEL JDM Racing Type R Style 6 Speed 6MT Manual Gear Stick Shift Knob for Honda ...
AED 540,"Double DIN CD Receiver with Improved Pioneer Smart Sync App Compatibility, MIXTRAX, ..."
AED 1059,Pioneer MVH1400NEX 6.2 inches B07951J34N
AED 143,NOCO GCP2 15 Amp 125V AC Port Plug Power Inlet with Dual 18-Inch Integrated ...
AED 70,"3M Headlight Lens Restoration System, 39008"
AED 71,"USB Car Charger,Coolfor 36W Dual Fast Car Charger Adapter Compatible with iPhone ..."
AED 80 - AED 97,"YONHAN Quick Charge 3.0 Dual USB Car Charger with Switch, Waterproof 36W 12V USB ..."
,
AED 123,GEMWON OBD2 Scanner Car Code Reader Engine Checking Auto Scanner Tool for OBDII ...
AED 227 - AED 405,"Goplus 2 Mountain Bike Rack Hitch Carrier, Upright Hitch Mounted Bike Rack Platform ..."
,
AED 101,"Leather Honey Leather Conditioner, Best Leather Conditioner Since 1968. for Use on ..."
AED 66 - AED 75,"TriNova Plastic & Trim Restorer - Shines & Darkens Worn Out Plastic, Vinyl & Rubber ..."
,
AED 49,DEGOL Skipping Rope Tangle-Free with Ball Bearings Rapid Speed Jump Rope Cable and ...
AED 1187,Disc-O-Bed Youth Kid-O-Bunk with Organizers
AED 114,"Camping Hammock, LAX Portable Double Durable Hammock Backpacking, Travel, Hiking, ..."
AED 492,"Orange Whip Midsize Golf Swing Trainer Aid for Improved Rhythm, Flexibility, ..."
AED 106,Harbinger Women's Nylon Weightlifting Belt with Flexible Ultralight Foam Core
AED 1100,TaylorMade M4 Driver
AED 76 - AED 114,"Speedo Women's Vanquisher 2.0 Mirrored Swim Goggles, Panoramic, Anti-Glare, ..."
,
AED 152,Speedo Nemesis Swim Fin
AED 386,Okuma Ceymar Spinning Reel
AED 218 - AED 236,WaterGym Water Aerobics Float Belt for Aqua Jogging and Deep Water Exercise - Size ...
,
AED 54 - AED 80,RNS STAR Paracord Survival Bracelet 6-in-1 - Hiking Gear Traveling Camping Gear Kit ...
,
AED 1408,MaxKare Folding Treadmill Electric Motorized Running Machine 17'' Wide Tread Belt ...
AED 974 - AED 1278,MaxKare Stationary Bike Belt Drive Indoor Cycling Bike 44lbs Flywheel & Pulse ...
,
AED 242,"DonJoy Performance POD Ankle Brace, Best Support for Stability, Ankle Sprain, Roll, ..."
AED 65,"Chinese Health Exercise Stress Balls, Colors of box may very"
AED 63,WOD Nation Wrist Wraps Weightlifting - Weight Lifting Wrist Wraps for Men & Women ...
AED 279 - AED 353,Super Strong Deluxe Fishing Magnet 880LB & Rope Kit | Rope Over 2000 LB Strong | ...
,
AED 137,Franklin Sports MLB Electronic Baseball Pitching Machine – Height Adjustable ...
AED 800,Pop-A-Shot Official Dual Shot Sport Basketball Arcade Game – 10 Games – ...
AED 106 - AED 136,MABUA Ring Toss Game Set 20 Ropes Indoor Outdoor Hookem Horseshoe Yard Kids Adults ...
,
AED 566,KINGSO Foldable Premium Gravity Inversion Table Therapy Align Bench Home Neck Back ...
AED 101 - AED 119,POWERLIX Knee Compression Sleeve - Best Knee Brace for Men & Women – Knee ...
,
AED 112 - AED 149,Razor V-17 Youth Multi-Sport Helmet
,
AED 145,"Wolf Code Fightwear Compression Training Long Sleeve Rash Guard for BJJ, MMA, ..."
AED 328,Schutt Sports Titanium Softball Fielders Guard
AED 187 - AED 279,"ONYX MoveVent Dynamic Paddle Sports Life Vest, X-Large/XX-Large, Aqua"
,
AED 94 - AED 149,Shock Doctor Compression Shorts with Bio-Flex Supporter Cup Included. Youth & Adult ...
,
AED 844,Burton Stiletto Snowboard Bindings Womens
AED 258,"2PM SPORTS Torinx Orange/Red/Green Black Boys Adjustable Inline Skates, Fun Roller ..."
AED 887 - AED 1756,Coleman Cabin Tent with Instant Setup | Cabin Tent for Camping Sets Up in 60 Seconds
,
